aoi,count,max,min,mean,sd,median
1,18,154.9,135.3,148.17777777777778,5.420934969884107,149.85
2,9,156.6,145.3,149.51111111111112,3.3809926221615902,149.2
