aoi,count,max,min,mean,sd,median
1,18,168305,5477,46230.11111111111,40894.38461219899,32533
2,9,58111,1378,21249.88888888889,20667.295495809583,14783
