aoi,count,max,min,mean,sd,median
1,18,199.2,20.72,79.25166666666667,47.32524239395989,71.475
2,9,101.5,9.05,47.233333333333334,34.86544456908588,39.89
