aoi,count,max,min,mean,sd,median
1,18,1607,774.4,1045.1277777777777,243.694243832562,971.4
2,9,1174,567,888.3444444444444,208.32219703569226,965.9
